<?xml version="1.0" encoding="UTF-8"?>
<project-private xmlns="http://www.netbeans.org/ns/project-private/1">
    <editor-bookmarks xmlns="http://www.netbeans.org/ns/editor-bookmarks/2" lastBookmarkId="0"/>
    <open-files xmlns="http://www.netbeans.org/ns/projectui-open-files/2">
        <group>
            <file>file:/H:/library%20management/SLibrary/src/SLibrary/Login.java</file>
            <file>file:/H:/library%20management/SLibrary/src/SLibrary/Main.java</file>
            <file>file:/H:/library%20management/SLibrary/src/SLibrary/Author.java</file>
        </group>
    </open-files>
</project-private>
